Timestamp,Q1. Which of the following devices are restricted under your school’s phone policy? Check all that apply.,"Q2. Under your school’s phone policy, when are students allowed to use their phones at school? Select all that apply. ",Q3. How does your school restrict access to phones? Select all that apply.,Q4. Has your school’s phone policy changed since the previous academic year?,Q5. How satisfied are you with your school’s phone policy?,Q6. How consistently do teachers and staff enforce your school's phone policy? Give your best guess. ,Q7. What percentage of your students are using their phone when they shouldn’t be? Give your best guess. ,"Q8. In your opinion, should your school's phone policy be more or less restrictive than it is now?",Q9a. What challenges have you faced with implementing and/or enforcing the phone policy? ,Q9b. Do you have any suggestions for overcoming those barriers?,"Q10. Please indicate the level of stress you experience from each of the following aspects of your school’s phone policy: [Complying with state, federal, and organizational rules and policies]",Q10. Please indicate the level of stress you experience from each of the following aspects of your school’s phone policy: [Trying to resolve parent/school conflicts],Q10. Please indicate the level of stress you experience from each of the following aspects of your school’s phone policy: [Handling student discipline problems],Q11. How strongly do you agree or disagree with the following statements about this school? [I have positive relationships with the faculty at my school.],Q11. How strongly do you agree or disagree with the following statements about this school? [I have positive relationships with the parents/guardians of the kids at my school.],"Q11. How strongly do you agree or disagree with the following statements about this school? [Overall, I have good relationships with the students at my school.]",Q11. How strongly do you agree or disagree with the following statements about this school? [Dealing with the students at my school drains my energy.],Q11. How strongly do you agree or disagree with the following statements about this school? [Students are talking with each other between classes.],"Q12a. Is this school public, private, or another category?","Q12b. Please provide any other pertinent details about this school (e.g., religious school, boarding school, magnet school, all-girls)",Q13. How many students are currently enrolled at this school?,Q14. Is this school eligible for Title I status? ,"Q15. What is the average GPA at this school, including the standard deviation?
(round to the nearest tenth, e.g., 2.8) 

GPA:  ________ , Standard deviation:  ________","Q16. What is the average standardized test score at this school, including the standard deviation? (Please specify the test used and average score.) 

Test Name:  ________ , Average Score:  ________ , 
Standard deviation:  ________","Q17. For this school year, what is the Average Daily Attendance (ADA) percentage at this school? (Round to the nearest whole percent)

ADA: ____________ %","Q18. For this school year, what is this school's suspension rate? (Round to the nearest whole percent) 
Suspension Rate: ____________%","Q19. How many reported bullying incidents have there been this school year? 

Number of incidents:","Q20. How many reported cyberbullying incidents have there been this school year? 

Number of incidents:","Q21. For this school year, how many documented fights occurred at school?

Number of fights:","Q22.  For this school year, how many mental health referrals were recorded?

Mental health referrals:",Q23. Years of work experience in education (any role):,Q24. What is your gender?,Q25. With which racial/ethnic groups do you identify? You can select more than one. ,"Q26. Please share any other major changes at this school within the past school year that might have affected student behavior or school climate (e.g., policy changes, large student turnover, etc.). ",Q27. Please share any other thoughts you have about this school's phone policy.,Q28. Is there anything else you want to share with us? ,"Q1. Overall, how would you say this phone policy has changed your school?",Q2. Please rate your agreement with the following statements about your students’ behavior or feelings since the _____ [school to add] policy was introduced. “Since the new phone policy that was introduced in _______ [school to add] … [Students seem more focused in class.],Q2. Please rate your agreement with the following statements about your students’ behavior or feelings since the _____ [school to add] policy was introduced. “Since the new phone policy that was introduced in _______ [school to add] … [Students seem less distracted.],Q2. Please rate your agreement with the following statements about your students’ behavior or feelings since the _____ [school to add] policy was introduced. “Since the new phone policy that was introduced in _______ [school to add] … [Students have developed better social skills.],Q2. Please rate your agreement with the following statements about your students’ behavior or feelings since the _____ [school to add] policy was introduced. “Since the new phone policy that was introduced in _______ [school to add] … [Students have formed closer bonds with their peers.],Q2. Please rate your agreement with the following statements about your students’ behavior or feelings since the _____ [school to add] policy was introduced. “Since the new phone policy that was introduced in _______ [school to add] … [Students are being left out or excluded more.],Q2. Please rate your agreement with the following statements about your students’ behavior or feelings since the _____ [school to add] policy was introduced. “Since the new phone policy that was introduced in _______ [school to add] … [Students seem more anxious without their phones.],Q2. Please rate your agreement with the following statements about your students’ behavior or feelings since the _____ [school to add] policy was introduced. “Since the new phone policy that was introduced in _______ [school to add] … [Students have talked to more people during lunch or breaks.],Q2. Please rate your agreement with the following statements about your students’ behavior or feelings since the _____ [school to add] policy was introduced. “Since the new phone policy that was introduced in _______ [school to add] … [Students seem less pressured to check their phones.],Q2. Please rate your agreement with the following statements about your students’ behavior or feelings since the _____ [school to add] policy was introduced. “Since the new phone policy that was introduced in _______ [school to add] … [There have been fewer discipline problems at my school.],Q2. Please rate your agreement with the following statements about your students’ behavior or feelings since the _____ [school to add] policy was introduced. “Since the new phone policy that was introduced in _______ [school to add] … [There seems to be less social drama between students.],Q2. Please rate your agreement with the following statements about your students’ behavior or feelings since the _____ [school to add] policy was introduced. “Since the new phone policy that was introduced in _______ [school to add] … [Academic outcomes have improved.],Q2. Please rate your agreement with the following statements about your students’ behavior or feelings since the _____ [school to add] policy was introduced. “Since the new phone policy that was introduced in _______ [school to add] … [Class disruptions have declined.],Q2. Please rate your agreement with the following statements about your students’ behavior or feelings since the _____ [school to add] policy was introduced. “Since the new phone policy that was introduced in _______ [school to add] … [Lack of smartphone access in class has impaired teaching.],Q2. Please rate your agreement with the following statements about your students’ behavior or feelings since the _____ [school to add] policy was introduced. “Since the new phone policy that was introduced in _______ [school to add] … [Nothing has really changed for students.]
12/19/2025 14:56:55,Smartphone,Never (only before the first bell and after the last bell),Students keep their phones on their person in a locked pouch (such as a Yondr),No,100% Very satisfied,100% All the time,0% None,The policy is just right,"We initially faced pushback from students who thought it was unfair, but within the first month they came around to the idea and now it has become a norm. ","We use a three-tier enforcement system. The first time they are caught, students receive a warning. The second time, we call their parents and keep their phone in the office for the rest of the week. If they are caught a third time, we keep their phone in the office for the rest of the school year. ",Slightly stressful,Moderately stressful,Slightly stressful,Strongly agree,Somewhat agree,Strongly agree,Somewhat disagree,Strongly agree,Public,Large public school in a suburban area ,1000,"Yes, with a schoolwide program","3.5, 3.2","SAT, 1320, 4.8",90,6,20,30,2,10,29,Female,Asian,,It is great to see students interacting with each other more. The hallways are so much louder now that they are talking. ,The phone policy has been very successful,"This policy has improved the social climate at school - students are much more interactive, which is nice. ",Neither agree nor disagree,Neither agree nor disagree,Strongly agree,Strongly agree,Somewhat disagree,Strongly disagree,Strongly agree,Strongly agree,Neither agree nor disagree,Strongly agree,Neither agree nor disagree,Neither agree nor disagree,Somewhat disagree,Strongly disagree